df,alpha,2,3,4,5,6,7,8,9,10,11,12,13,14,15,16,17,18,19,20
1,0.1,8.929,13.453,16.378,18.504,20.164,21.516,22.649,23.627,24.478,25.239,25.918,26.52,27.081,27.607,28.088,28.531,28.951,29.347,29.72
1,0.05,17.969,27.066,32.925,37.149,40.481,43.203,45.501,47.482,49.22,50.78,52.161,53.346,54.469,55.534,56.49,57.353,58.176,58.945,59.666
1,0.025,35.99,54.00,65.69,74.22,80.87,86.29,90.85,94.77,98.20,101.3,104.0,106.5,108.8,110.8,112.7,114.5,116.2,117.7,119.2
1,0.01,90.024,138.306,168.728,189.173,206.203,219.531,231.719,241.881,250.843,258.985,266.339,271.084,277.48,283.871,289.134,293.455,298.11,302.515,306.73
1,0.005,180.1,270.1,328.5,371.2,404.4,431.6,454.4,474.0,491.1,506.3,520.0,532.4,543.6,554.0,563.6,572.5,580.9,588.7,596.0
1,0.001,900.3,1351.,1643.,1856.,2022.,2158.,2272.,2370.,2455.,2532.,2600.,2662.,2718.,2770.,2818.,2863.,2904.,2943.,2980.
2,0.1,4.129,5.736,6.777,7.54,8.142,8.635,9.052,9.412,9.728,10.011,10.264,10.491,10.701,10.894,11.074,11.241,11.396,11.542,11.679
2,0.05,6.085,8.344,9.813,10.891,11.744,12.444,13.039,13.553,14.003,14.407,14.761,15.086,15.386,15.662,15.921,16.157,16.38,16.588,16.785
2,0.025,8.776,11.94,14.01,15.54,16.75,17.74,18.58,19.31,19.95,20.52,21.03,21.49,21.91,22.30,22.67,23.01,23.32,23.62,23.89
2,0.01,14.036,19.206,22.522,24.897,26.813,28.382,29.75,30.923,31.929,32.874,33.644,34.373,35.059,35.693,36.321,36.812,37.323,37.805,38.26
2,0.005,19.93,26.97,31.60,35.02,37.73,39.95,41.83,43.40,44.89,46.16,47.31,48.35,49.30,50.17,50.99,51.74,52.45,53.12,53.74
2,0.001,44.69,60.42,70.77,78.43,84.49,89.46,93.67,97.30,100.5,103.3,105.9,108.2,110.4,112.3,114.2,115.9,117.4,118.9,120.3
3,0.1,3.328,4.469,5.2,5.739,6.163,6.511,6.807,7.063,7.287,7.488,7.669,7.832,7.982,8.12,8.249,8.369,8.48,8.585,8.684
3,0.05,4.501,5.914,6.829,7.504,8.039,8.48,8.855,9.18,9.465,9.721,9.948,10.156,10.347,10.524,10.689,10.841,10.985,11.119,11.245
3,0.025,5.907,7.661,8.808,9.660,10.34,10.89,11.37,11.78,12.14,12.46,12.75,13.01,13.26,13.48,13.69,13.88,14.06,14.23,14.39
3,0.01,8.26,10.664,12.225,13.363,14.284,15.032,15.692,16.254,16.752,17.197,17.569,17.926,18.26,18.569,18.868,19.124,19.377,19.612,19.834
3,0.005,10.55,13.50,15.45,16.91,18.06,19.01,19.83,20.53,21.15,21.70,22.20,22.66,23.08,23.46,23.82,24.15,24.46,24.76,25.03
3,0.001,18.28,23.32,26.65,29.13,31.11,32.74,34.12,35.33,36.39,37.34,38.20,38.98,39.69,40.35,40.97,41.54,42.07,42.58,43.05
4,0.1,3.015,3.977,4.587,5.036,5.39,5.68,5.926,6.14,6.328,6.496,6.647,6.784,6.909,7.025,7.133,7.234,7.328,7.416,7.499
4,0.05,3.926,5.044,5.761,6.29,6.709,7.055,7.349,7.605,7.829,8.031,8.212,8.376,8.527,8.666,8.796,8.918,9.031,9.138,9.238
4,0.025,4.943,6.244,7.088,7.716,8.213,8.625,8.976,9.279,8.291,9.788,10.01,10.20,10.39,10.55,10.71,10.85,10.99,11.11,11.23
4,0.01,6.511,8.152,9.211,9.988,10.613,11.127,11.573,11.96,12.301,12.613,12.871,13.118,13.35,13.563,13.766,13.952,14.127,14.29,14.444
4,0.005,7.916,9.814,11.06,11.99,12.74,13.35,13.88,14.33,14.74,15.10,15.42,15.72,15.99,16.24,16.48,16.70,16.90,17.09,17.28
4,0.001,12.18,14.99,16.84,18.23,19.34,20.26,21.04,21.73,22.33,22.87,23.36,23.81,24.21,24.59,24.94,25.27,25.58,25.87,26.14
5,0.1,2.85,3.719,4.265,4.665,4.98,5.239,5.459,5.649,5.817,5.967,6.102,6.224,6.337,6.44,6.536,6.627,6.711,6.79,6.864
5,0.05,3.635,4.605,5.221,5.676,6.035,6.332,6.585,6.804,6.997,7.171,7.325,7.468,7.598,7.718,7.83,7.935,8.033,8.125,8.211
5,0.025,4.474,5.558,6.257,6.775,7.186,7.527,7.816,8.068,9.548,8.490,8.670,8.834,8.984,9.124,9.253,9.374,9.486,9.593,9.693
5,0.01,5.702,7.002,7.828,8.442,8.933,9.339,9.691,9.997,10.265,10.511,10.718,10.916,11.098,11.268,11.425,11.577,11.711,11.842,11.965
5,0.005,6.751,8.196,9.141,9.847,10.41,10.88,11.28,11.63,11.93,12.21,12.46,12.69,12.90,13.09,13.27,13.44,13.60,13.75,13.89
5,0.001,9.714,11.67,12.96,13.93,14.71,15.35,15.90,16.38,16.81,17.18,17.53,17.85,18.13,18.41,18.66,18.89,19.10,19.31,19.51
6,0.1,2.748,3.56,4.066,4.436,4.727,4.966,5.169,5.345,5.5,5.638,5.762,5.876,5.98,6.076,6.165,6.248,6.326,6.399,6.467
6,0.05,3.46,4.342,4.898,5.307,5.63,5.897,6.124,6.321,6.495,6.651,6.791,6.918,7.036,7.145,7.245,7.34,7.428,7.511,7.589
6,0.025,4.199,5.158,5.772,6.226,6.586,6.884,7.138,7.359,7.554,7.729,7.887,8.031,8.163,8.286,8.399,8.506,8.605,8.698,8.787
6,0.01,5.243,6.351,7.05,7.572,7.988,8.337,8.63,8.887,9.115,9.325,9.5,9.668,9.824,9.967,10.101,10.23,10.346,10.457,10.562
6,0.005,6.105,7.306,8.088,8.670,9.135,9.522,9.852,10.14,10.40,10.63,10.83,11.02,11.20,11.36,11.51,11.65,11.78,11.90,12.02
6,0.001,8.427,9.960,10.97,11.72,12.32,12.83,13.26,13.63,13.97,14.27,14.54,14.79,15.01,15.22,15.42,15.60,15.78,15.94,16.09
7,0.1,2.679,3.452,3.932,4.281,4.556,4.781,4.972,5.138,5.283,5.414,5.531,5.638,5.736,5.826,5.91,5.989,6.062,6.131,6.196
7,0.05,3.344,4.167,4.684,5.063,5.361,5.607,5.817,5.999,6.16,6.304,6.433,6.552,6.66,6.76,6.853,6.941,7.022,7.099,7.171
7,0.025,4.018,4.897,5.455,5.868,6.194,6.464,6.695,6.895,7.072,7.230,7.373,7.504,7.624,7.735,7.839,7.935,8.025,8.111,8.191
7,0.01,4.949,5.934,6.557,7.018,7.386,7.692,7.953,8.18,8.383,8.567,8.723,8.872,9.009,9.137,9.255,9.369,9.473,9.571,9.664
7,0.005,5.699,6.750,7.429,7.935,8.339,8.674,8.961,9.211,9.433,9.632,9.812,9.977,10.13,10.27,10.40,10.52,10.64,10.75,10.85
7,0.001,7.648,8.930,9.768,10.40,10.90,11.32,11.68,11.99,12.27,12.52,12.74,12.95,13.14,13.32,13.48,13.64,13.78,13.92,14.04
8,0.1,2.63,3.375,3.835,4.169,4.432,4.647,4.829,4.987,5.126,5.251,5.363,5.465,5.558,5.645,5.725,5.8,5.87,5.935,5.997
8,0.05,3.261,4.043,4.531,4.888,5.169,5.4,5.598,5.769,5.92,6.055,6.177,6.288,6.391,6.484,6.572,6.654,6.731,6.803,6.871
8,0.025,3.892,4.714,5.233,5.616,5.919,6.169,6.382,6.568,6.732,6.879,7.011,7.132,7.244,7.347,7.443,7.532,7.616,7.695,7.769
8,0.01,4.745,5.648,6.219,6.637,6.97,7.248,7.485,7.693,7.876,8.043,8.185,8.321,8.446,8.562,8.669,8.773,8.868,8.957,9.042
8,0.005,5.420,6.370,6.981,7.435,7.797,8.097,8.354,8.578,8.777,8.955,9.117,9.265,9.401,9.527,9.644,9.754,9.857,9.953,10.04
8,0.001,7.130,8.250,8.978,9.522,9.958,10.32,10.64,10.91,11.15,11.36,11.56,11.74,11.91,12.06,12.21,12.34,12.47,12.59,12.70
9,0.1,2.592,3.317,3.762,4.085,4.338,4.546,4.721,4.873,5.007,5.127,5.235,5.333,5.423,5.506,5.584,5.656,5.723,5.787,5.846
9,0.05,3.199,3.951,4.417,4.757,5.025,5.246,5.433,5.596,5.74,5.869,5.985,6.09,6.188,6.277,6.36,6.439,6.512,6.58,6.645
9,0.025,3.797,4.578,5.069,5.430,5.715,5.950,6.151,6.325,6.479,6.617,6.742,6.856,6.961,7.058,7.148,7.232,7.311,7.385,7.455
9,0.01,4.596,5.439,5.97,6.358,6.666,6.924,7.145,7.336,7.506,7.66,7.793,7.918,8.033,8.141,8.241,8.337,8.425,8.508,8.586
9,0.005,5.218,6.096,6.657,7.074,7.405,7.680,7.915,8.120,8.303,8.466,8.614,8.749,8.874,8.990,9.097,9.198,9.292,9.381,9.465
9,0.001,6.762,7.768,8.419,8.906,9.295,9.619,9.897,10.14,10.36,10.55,10.73,10.89,11.03,11.18,11.30,11.42,11.54,11.64,11.75
10,0.1,2.563,3.271,3.705,4.019,4.264,4.466,4.636,4.784,4.914,5.03,5.134,5.23,5.317,5.398,5.472,5.542,5.608,5.669,5.727
10,0.05,3.151,3.879,4.328,4.656,4.913,5.126,5.306,5.462,5.6,5.723,5.835,5.936,6.029,6.115,6.195,6.27,6.34,6.406,6.469
10,0.025,3.725,4.474,4.943,5.287,5.558,5.782,5.972,6.138,6.285,6.416,6.534,6.643,6.742,6.834,6.920,7.000,7.075,7.146,7.212
10,0.01,4.482,5.282,5.78,6.145,6.435,6.677,6.884,7.064,7.223,7.368,7.493,7.61,7.719,7.82,7.914,8.004,8.086,8.164,8.238
10,0.005,5.065,5.888,6.412,6.800,7.109,7.365,7.584,7.775,7.944,8.096,8.234,8.360,8.476,8.583,8.683,8.777,8.865,8.947,9.026
10,0.001,6.487,7.411,8.006,8.450,8.804,9.099,9.352,9.573,9.769,9.946,10.11,10.25,10.39,10.52,10.64,10.75,10.85,10.95,11.03
11,0.1,2.54,3.235,3.659,3.966,4.205,4.402,4.568,4.712,4.838,4.951,5.053,5.146,5.231,5.31,5.383,5.45,5.514,5.574,5.63
11,0.05,3.113,3.822,4.258,4.575,4.824,5.03,5.203,5.354,5.488,5.607,5.715,5.812,5.902,5.986,6.063,6.135,6.203,6.267,6.327
11,0.025,3.667,4.391,4.843,5.173,5.433,5.648,5.831,5.989,6.130,6.256,6.369,6.473,6.568,6.657,6.739,6.815,6.887,6.955,7.019
11,0.01,4.392,5.157,5.631,5.979,6.254,6.484,6.68,6.85,7.001,7.138,7.257,7.369,7.471,7.567,7.656,7.741,7.82,7.893,7.963
11,0.005,4.945,5.727,6.222,6.588,6.878,7.119,7.325,7.505,7.664,7.807,7.937,8.055,8.164,8.265,8.359,8.447,8.530,8.608,8.682
11,0.001,6.275,7.136,7.687,8.098,8.426,8.699,8.933,9.138,9.319,9.482,9.630,9.766,9.892,10.01,10.12,10.22,10.31,10.41,10.49
12,0.1,2.52,3.205,3.622,3.922,4.157,4.349,4.512,4.652,4.776,4.887,4.986,5.077,5.16,5.237,5.308,5.375,5.437,5.495,5.551
12,0.05,3.081,3.775,4.2,4.509,4.752,4.951,5.12,5.266,5.396,5.512,5.616,5.711,5.798,5.879,5.954,6.024,6.09,6.152,6.21
12,0.025,3.620,4.325,4.762,5.081,5.332,5.540,5.716,5.869,6.004,6.125,6.235,6.335,6.427,6.512,6.591,6.665,6.734,6.799,6.861
12,0.01,4.32,5.056,5.511,5.844,6.108,6.328,6.515,6.677,6.822,6.953,7.066,7.173,7.272,7.363,7.448,7.529,7.604,7.674,7.74
12,0.005,4.849,5.597,6.068,6.416,6.693,6.922,7.118,7.288,7.439,7.575,7.697,7.810,7.914,8.009,8.099,8.183,8.261,8.335,8.405
12,0.001,6.106,6.917,7.436,7.821,8.127,8.383,8.601,8.793,8.962,9.115,9.254,9.381,9.498,9.606,9.707,9.802,9.891,9.975,10.06
13,0.1,2.504,3.18,3.59,3.885,4.116,4.305,4.465,4.603,4.724,4.832,4.93,5.019,5.101,5.176,5.246,5.311,5.372,5.429,5.483
13,0.05,3.055,3.736,4.152,4.454,4.691,4.886,5.05,5.193,5.319,5.432,5.534,5.627,5.712,5.79,5.863,5.932,5.996,6.056,6.113
13,0.025,3.582,4.269,4.694,5.004,5.248,5.449,5.620,5.769,5.900,6.017,6.123,6.220,6.309,6.392,6.468,6.539,6.607,6.670,6.730
13,0.01,4.26,4.973,5.412,5.733,5.987,6.199,6.379,6.535,6.674,6.8,6.91,7.012,7.107,7.194,7.276,7.354,7.425,7.493,7.557
13,0.005,4.770,5.490,5.943,6.277,6.541,6.760,6.947,7.111,7.255,7.384,7.502,7.609,7.708,7.800,7.886,7.965,8.040,8.111,8.178
13,0.001,5.970,6.740,7.231,7.595,7.885,8.126,8.333,8.513,8.673,8.817,8.948,9.068,9.178,9.281,9.376,9.466,9.550,9.629,9.704
14,0.1,2.491,3.159,3.564,3.855,4.082,4.268,4.425,4.56,4.68,4.786,4.882,4.97,5.05,5.124,5.193,5.257,5.317,5.373,5.426
14,0.05,3.033,3.703,4.112,4.408,4.64,4.83,4.992,5.131,5.254,5.365,5.464,5.555,5.638,5.715,5.786,5.854,5.916,5.974,6.03
14,0.025,3.550,4.222,4.638,4.940,5.178,5.374,5.540,5.684,5.811,5.926,6.029,6.123,6.210,6.290,6.364,6.434,6.499,6.560,6.619
14,0.01,4.21,4.903,5.33,5.642,5.886,6.092,6.265,6.416,6.551,6.672,6.778,6.877,6.968,7.052,7.131,7.207,7.276,7.341,7.403
14,0.005,4.704,5.401,5.838,6.160,6.414,6.526,6.805,6.962,7.101,7.225,7.338,7.442,7.537,7.625,7.707,7.784,7.856,7.924,7.988
14,0.001,5.856,6.594,7.062,7.409,7.685,7.915,8.110,8.282,8.434,8.571,8.696,8.809,8.914,9.012,9.103,9.188,9.267,9.343,9.414
15,0.1,2.479,3.14,3.541,3.828,4.052,4.236,4.39,4.524,4.642,4.747,4.841,4.927,5.006,5.079,5.147,5.21,5.269,5.325,5.377
15,0.05,3.014,3.675,4.077,4.368,4.596,4.783,4.941,5.078,5.199,5.307,5.405,5.493,5.575,5.65,5.72,5.786,5.847,5.905,5.959
15,0.025,3.522,4.182,4.589,4.885,5.118,5.309,5.471,5.612,5.737,5.848,5.949,6.041,6.125,6.203,6.276,6.344,6.407,6.467,6.523
15,0.01,4.167,4.844,5.259,5.563,5.802,6.0,6.169,6.316,6.446,6.563,6.666,6.762,6.85,6.933,7.008,7.082,7.149,7.212,7.272
15,0.005,4.647,5.325,5.750,6.061,6.308,6.511,6.685,6.837,6.971,7.091,7.200,7.300,7.392,7.477,7.556,7.630,7.699,7.765,7.827
15,0.001,5.760,6.470,6.920,7.252,7.517,7.736,7.925,8.088,8.234,8.365,8.483,8.592,8.693,8.786,8.872,8.954,9.030,9.102,9.170
16,0.1,2.469,3.125,3.521,3.805,4.026,4.208,4.36,4.492,4.609,4.712,4.805,4.89,4.968,5.04,5.107,5.169,5.227,5.282,5.334
16,0.05,2.998,3.651,4.047,4.334,4.558,4.742,4.898,5.032,5.151,5.257,5.353,5.44,5.52,5.594,5.663,5.727,5.788,5.844,5.897
16,0.025,3.498,4.148,4.548,4.838,5.066,5.253,5.412,5.550,5.672,5.781,5.879,5.969,6.052,6.128,6.199,6.265,6.328,6.386,6.441
16,0.01,4.13,4.793,5.199,5.496,5.728,5.922,6.085,6.229,6.355,6.469,6.571,6.663,6.749,6.829,6.903,6.974,7.039,7.101,7.159
16,0.005,4.599,5.261,5.674,5.977,6.216,6.413,6.582,6.729,6.859,6.976,7.081,7.178,7.267,7.349,7.426,7.498,7.566,7.629,7.689
16,0.001,5.678,6.365,6.799,7.119,7.374,7.585,7.766,7.923,8.063,8.189,8.303,8.407,8.504,8.593,8.676,8.755,8.828,8.897,8.963
17,0.1,2.46,3.111,3.503,3.785,4.004,4.183,4.334,4.465,4.58,4.682,4.774,4.858,4.935,5.006,5.072,5.133,5.191,5.245,5.296
17,0.05,2.984,3.63,4.021,4.304,4.525,4.706,4.859,4.992,5.109,5.213,5.307,5.393,5.472,5.545,5.613,5.676,5.735,5.791,5.844
17,0.025,3.477,4.118,4.512,4.797,5.020,5.204,5.361,5.496,5.615,5.722,5.818,5.907,5.987,6.062,6.132,6.197,6.258,6.315,6.370
17,0.01,4.099,4.749,5.147,5.437,5.665,5.853,6.013,6.153,6.276,6.388,6.487,6.577,6.661,6.739,6.811,6.88,6.944,7.004,7.06
17,0.005,4.557,5.205,5.608,5.903,6.136,6.329,6.493,6.636,6.763,6.876,6.979,7.072,7.159,7.239,7.314,7.384,7.449,7.511,7.569
17,0.001,5.608,6.275,6.695,7.005,7.250,7.454,7.629,7.781,7.916,8.037,8.148,8.248,8.342,8.427,8.508,8.583,8.654,8.720,8.784
18,0.1,2.452,3.099,3.488,3.767,3.984,4.161,4.311,4.44,4.554,4.655,4.746,4.829,4.905,4.975,5.041,5.101,5.158,5.212,5.262
18,0.05,2.971,3.611,3.998,4.277,4.496,4.675,4.826,4.956,5.071,5.174,5.267,5.352,5.43,5.502,5.568,5.631,5.689,5.744,5.796
18,0.025,3.458,4.092,4.480,4.761,4.981,5.162,5.315,5.448,5.565,5.670,5.765,5.852,5.931,6.004,6.073,6.137,6.197,6.253,6.306
18,0.01,4.071,4.711,5.101,5.386,5.609,5.794,5.95,6.087,6.207,6.316,6.413,6.501,6.583,6.66,6.73,6.798,6.86,6.919,6.974
18,0.005,4.521,5.156,5.550,5.839,6.067,6.255,6.415,6.554,6.678,6.788,6.888,6.981,7.064,7.142,7.215,7.283,7.347,7.407,7.464
18,0.001,5.546,6.196,6.604,6.905,7.143,7.341,7.510,7.657,7.788,7.906,8.012,8.110,8.199,8.283,8.361,8.434,8.502,8.567,8.628
19,0.1,2.445,3.088,3.474,3.751,3.966,4.142,4.29,4.418,4.531,4.631,4.722,4.803,4.879,4.948,5.013,5.073,5.129,5.182,5.232
19,0.05,2.96,3.594,3.978,4.254,4.47,4.646,4.796,4.925,5.038,5.14,5.232,5.315,5.392,5.463,5.529,5.59,5.648,5.702,5.753
19,0.025,3.442,4.068,4.451,4.728,4.945,5.123,5.275,5.405,5.521,5.624,5.718,5.803,5.881,5.954,6.020,6.083,6.142,6.198,6.250
19,0.01,4.046,4.677,5.061,5.341,5.559,5.741,5.894,6.028,6.146,6.253,6.348,6.434,6.515,6.589,6.659,6.725,6.786,6.844,6.898
19,0.005,4.488,5.113,5.500,5.783,6.005,6.189,6.346,6.482,6.603,6.711,6.809,6 898,6.981,7.057,7.128,7.195,7.257,7.316,7.372
19,0.001,5.492,6.127,6.525,6.817,7.049,7.242,7.405,7.549,7.676,7.790,7.893,7.988,8.075,8.156,8.232,8.303,8.369,8.432,8.491
20,0.1,2.439,3.078,3.462,3.737,3.95,4.125,4.272,4.399,4.51,4.61,4.699,4.78,4.855,4.924,4.988,5.047,5.103,5.156,5.205
20,0.05,2.95,3.579,3.96,4.233,4.446,4.621,4.769,4.897,5.009,5.109,5.2,5.282,5.358,5.428,5.493,5.554,5.611,5.664,5.715
20,0.025,3.427,4.047,4.426,4.700,4.914,5.089,5.238,5.368,5.481,5.583,5.675,5.759,5.836,5.907,5.974,6.036,6.093,6.148,6.200
20,0.01,4.024,4.646,5.024,5.301,5.515,5.693,5.844,5.976,6.092,6.197,6.29,6.375,6.454,6.527,6.596,6.661,6.721,6.776,6.83
20,0.005,4.460,5.074,5.455,5.732,5.951,6.131,6.285,6.418,6.537,6.642,6.738,6.826,6.907,6.981,7.051,7.116,7.177,7.235,7.289
20,0.001,5.444,6.065,6.454,6.740,6.966,7.154,7.313,7.453,7.577,7.688,7.788,7.880,7.966,8.044,8.118,8.186,8.251,8.312,8.370
21,0.1,2.433,3.069,3.451,3.724,3.936,4.109,4.255,4.381,4.491,4.59,4.679,4.76,4.834,4.902,4.965,5.024,5.08,5.132,5.181
21,0.05,2.941,3.566,3.943,4.214,4.426,4.599,4.745,4.871,4.982,5.081,5.171,5.253,5.328,5.397,5.461,5.522,5.577,5.63,5.68
21,0.01,4.004,4.619,4.992,5.264,5.476,5.651,5.8,5.929,6.043,6.146,6.239,6.323,6.399,6.471,6.538,6.602,6.661,6.716,6.769
22,0.1,2.428,3.061,3.441,3.713,3.924,4.095,4.24,4.365,4.475,4.573,4.661,4.741,4.814,4.882,4.945,5.003,5.058,5.11,5.158
22,0.05,2.933,3.554,3.928,4.197,4.407,4.578,4.723,4.848,4.958,5.056,5.145,5.226,5.3,5.369,5.432,5.492,5.548,5.6,5.649
22,0.01,3.986,4.594,4.963,5.231,5.44,5.613,5.76,5.887,5.999,6.101,6.192,6.275,6.35,6.421,6.487,6.55,6.608,6.662,6.714
23,0.1,2.424,3.054,3.432,3.702,3.912,4.082,4.226,4.35,4.459,4.557,4.644,4.724,4.797,4.864,4.926,4.984,5.039,5.09,5.138
23,0.05,2.925,3.543,3.915,4.182,4.389,4.56,4.703,4.827,4.936,5.034,5.121,5.202,5.275,5.343,5.406,5.465,5.52,5.572,5.621
23,0.01,3.97,4.572,4.936,5.202,5.408,5.579,5.723,5.849,5.96,6.06,6.15,6.231,6.305,6.375,6.441,6.502,6.559,6.613,6.664
24,0.1,2.419,3.048,3.424,3.693,3.901,4.07,4.213,4.337,4.445,4.542,4.629,4.708,4.78,4.847,4.909,4.967,5.021,5.072,5.12
24,0.05,2.919,3.533,3.902,4.168,4.374,4.543,4.685,4.808,4.916,5.013,5.1,5.179,5.252,5.319,5.382,5.44,5.495,5.546,5.595
24,0.025,3.381,3.983,4.347,4.610,4.816,4.984,5.126,5.250,5.358,5.455,5.543,5.623,5.697,5.764,5.827,5.886,5.941,5.994,6.043
24,0.01,3.955,4.552,4.912,5.175,5.379,5.547,5.69,5.814,5.923,6.022,6.111,6.192,6.265,6.334,6.398,6.459,6.515,6.568,6.618
24,0.005,4.371,4.955,5.315,5.577,5.783,5.952,6.096,6.221,6.332,6.431,6.520,6.602,6.677,6.747,6.812,6.872,6.930,6.983,7.034
24,0.001,5.297,5.877,6.238,6.503,6.712,6.884,7.031,7.159,7.272,7.374,7.467,7.551,7.701,7.629,7.768,7.831,7.890,7.946,7.999
25,0.1,2.416,3.042,3.416,3.684,3.891,4.06,4.202,4.325,4.432,4.528,4.615,4.693,4.766,4.832,4.893,4.951,5.004,5.055,5.103
25,0.05,2.913,3.524,3.891,4.155,4.359,4.527,4.668,4.791,4.898,4.993,5.08,5.159,5.231,5.298,5.36,5.418,5.472,5.523,5.571
25,0.01,3.942,4.533,4.89,5.151,5.352,5.519,5.66,5.782,5.89,5.988,6.076,6.155,6.228,6.296,6.359,6.419,6.475,6.527,6.577
26,0.1,2.412,3.036,3.409,3.676,3.882,4.05,4.191,4.313,4.42,4.516,4.602,4.68,4.752,4.818,4.879,4.936,4.989,5.04,5.087
26,0.05,2.907,3.515,3.881,4.143,4.346,4.513,4.653,4.775,4.881,4.976,5.062,5.14,5.212,5.278,5.339,5.397,5.451,5.501,5.549
26,0.01,3.93,4.516,4.87,5.129,5.328,5.493,5.632,5.753,5.86,5.957,6.044,6.122,6.194,6.261,6.324,6.383,6.438,6.49,6.539
27,0.1,2.409,3.031,3.403,3.668,3.873,4.04,4.181,4.303,4.409,4.504,4.59,4.668,4.739,4.805,4.865,4.922,4.975,5.025,5.072
27,0.05,2.902,3.508,3.872,4.132,4.334,4.499,4.639,4.76,4.865,4.96,5.045,5.123,5.194,5.26,5.321,5.378,5.431,5.481,5.529
27,0.01,3.918,4.501,4.852,5.108,5.305,5.469,5.606,5.726,5.832,5.928,6.014,6.091,6.163,6.229,6.291,6.35,6.404,6.455,6.504
28,0.1,2.406,3.026,3.397,3.661,3.866,4.032,4.172,4.293,4.399,4.494,4.579,4.656,4.727,4.793,4.853,4.909,4.962,5.012,5.059
28,0.05,2.897,3.5,3.863,4.121,4.323,4.487,4.626,4.746,4.851,4.945,5.029,5.107,5.177,5.243,5.303,5.36,5.413,5.463,5.51
28,0.01,3.908,4.486,4.835,5.089,5.284,5.446,5.583,5.701,5.806,5.901,5.986,6.063,6.134,6.199,6.26,6.319,6.373,6.423,6.471
29,0.1,2.403,3.022,3.391,3.655,3.858,4.024,4.164,4.284,4.39,4.484,4.569,4.646,4.716,4.781,4.842,4.898,4.95,5.0,5.046
29,0.05,2.892,3.494,3.854,4.112,4.312,4.476,4.614,4.733,4.837,4.931,5.015,5.092,5.162,5.227,5.287,5.343,5.396,5.446,5.492
29,0.01,3.898,4.473,4.819,5.071,5.266,5.426,5.561,5.678,5.782,5.876,5.961,6.037,6.107,6.172,6.232,6.29,6.343,6.394,6.441
30,0.1,2.4,3.018,3.386,3.649,3.852,4.017,4.156,4.276,4.381,4.475,4.559,4.636,4.706,4.771,4.831,4.887,4.939,4.988,5.035
30,0.05,2.888,3.488,3.847,4.103,4.302,4.465,4.602,4.721,4.825,4.918,5.001,5.078,5.148,5.212,5.272,5.328,5.38,5.43,5.476
30,0.025,3.337,3.919,4.271,4.523,4.720,4.881,5.017,5.134,5.238,5.330,5.414,5.490,5.560,5.624,5.684,5.740,5.792,5.841,5.888
30,0.01,3.889,4.461,4.805,5.054,5.248,5.406,5.54,5.657,5.76,5.853,5.937,6.012,6.082,6.146,6.206,6.264,6.316,6.366,6.413
30,0.005,4.285,4.841,5.181,5.428,5.621,5.780,5.914,6.031,6.135,6.227,6.310,6.387,6.456,6.521,6.581,6.638,6.691,6.741,6.788
30,0.001,5.156,5.698,6.033,6.278,6.470,6.628,6.763,6.880,6.984,7.077,7.162,7.239,7.375,7.310,7.437,7.494,7.548,7.599,7.647
31,0.1,2.398,3.014,3.381,3.643,3.845,4.01,4.148,4.268,4.373,4.466,4.55,4.626,4.696,4.761,4.821,4.877,4.928,4.977,5.024
31,0.05,2.884,3.482,3.84,4.095,4.293,4.455,4.592,4.71,4.814,4.906,4.989,5.065,5.134,5.198,5.258,5.314,5.366,5.415,5.461
31,0.01,3.881,4.449,4.791,5.039,5.231,5.388,5.522,5.637,5.739,5.832,5.915,5.99,6.059,6.122,6.182,6.239,6.291,6.34,6.387
32,0.1,2.395,3.01,3.377,3.638,3.839,4.004,4.141,4.26,4.365,4.458,4.542,4.618,4.687,4.752,4.811,4.867,4.919,4.967,5.013
32,0.05,2.881,3.476,3.833,4.087,4.285,4.446,4.582,4.7,4.803,4.894,4.977,5.053,5.122,5.185,5.245,5.3,5.352,5.401,5.446
32,0.01,3.873,4.438,4.778,5.025,5.215,5.372,5.504,5.619,5.72,5.812,5.894,5.97,6.038,6.1,6.159,6.216,6.267,6.316,6.362
33,0.1,2.393,3.007,3.373,3.633,3.834,3.998,4.135,4.254,4.358,4.45,4.534,4.61,4.679,4.743,4.802,4.858,4.91,4.958,5.004
33,0.05,2.877,3.471,3.827,4.08,4.277,4.438,4.573,4.69,4.792,4.884,4.966,5.041,5.11,5.173,5.232,5.288,5.339,5.387,5.433
33,0.01,3.865,4.428,4.766,5.011,5.201,5.356,5.488,5.601,5.702,5.793,5.875,5.95,6.017,6.079,6.138,6.194,6.245,6.294,6.339
34,0.1,2.391,3.004,3.369,3.628,3.829,3.992,4.129,4.247,4.351,4.443,4.526,4.602,4.671,4.735,4.794,4.849,4.901,4.949,4.994
34,0.05,2.874,3.467,3.821,4.073,4.269,4.429,4.564,4.68,4.783,4.874,4.956,5.03,5.099,5.162,5.221,5.276,5.327,5.375,5.421
34,0.01,3.858,4.419,4.755,4.998,5.187,5.341,5.472,5.585,5.685,5.776,5.857,5.931,5.998,6.061,6.118,6.173,6.225,6.273,6.318
35,0.1,2.389,3.001,3.365,3.624,3.824,3.987,4.123,4.241,4.344,4.437,4.519,4.595,4.664,4.727,4.786,4.841,4.893,4.941,4.986
35,0.05,2.871,3.462,3.815,4.067,4.262,4.422,4.556,4.672,4.774,4.865,4.946,5.02,5.088,5.151,5.21,5.264,5.315,5.363,5.409
35,0.01,3.852,4.41,4.744,4.987,5.174,5.327,5.457,5.57,5.67,5.76,5.84,5.914,5.98,6.042,6.099,6.154,6.205,6.253,6.298
36,0.1,2.387,2.998,3.361,3.62,3.819,3.982,4.118,4.235,4.338,4.43,4.513,4.588,4.657,4.72,4.779,4.834,4.885,4.933,4.978
36,0.05,2.868,3.458,3.81,4.061,4.256,4.415,4.548,4.664,4.765,4.856,4.937,5.011,5.079,5.141,5.199,5.254,5.305,5.353,5.398
36,0.01,3.846,4.401,4.734,4.975,5.162,5.314,5.444,5.556,5.655,5.744,5.824,5.897,5.963,6.025,6.082,6.136,6.187,6.235,6.279
37,0.1,2.386,2.995,3.358,3.616,3.815,3.977,4.113,4.23,4.333,4.424,4.507,4.581,4.65,4.713,4.772,4.826,4.877,4.925,4.971
37,0.05,2.865,3.454,3.805,4.056,4.249,4.408,4.541,4.656,4.757,4.847,4.928,5.002,5.069,5.132,5.19,5.244,5.295,5.342,5.387
37,0.01,3.84,4.394,4.725,4.965,5.15,5.302,5.431,5.542,5.641,5.729,5.809,5.881,5.947,6.009,6.065,6.119,6.169,6.217,6.261
38,0.1,2.384,2.993,3.355,3.612,3.811,3.972,4.108,4.225,4.327,4.419,4.501,4.575,4.644,4.707,4.765,4.82,4.87,4.918,4.963
38,0.05,2.863,3.45,3.801,4.05,4.244,4.401,4.534,4.649,4.749,4.839,4.92,4.993,5.061,5.123,5.18,5.234,5.285,5.332,5.377
38,0.01,3.835,4.386,4.716,4.955,5.14,5.291,5.419,5.529,5.627,5.715,5.795,5.867,5.932,5.993,6.049,6.103,6.153,6.2,6.245
39,0.1,2.383,2.991,3.352,3.608,3.807,3.968,4.103,4.22,4.322,4.413,4.495,4.57,4.638,4.7,4.759,4.813,4.864,4.911,4.956
39,0.05,2.86,3.447,3.796,4.045,4.238,4.395,4.528,4.642,4.742,4.832,4.912,4.985,5.052,5.114,5.172,5.226,5.276,5.323,5.367
39,0.01,3.83,4.379,4.708,4.946,5.13,5.28,5.407,5.517,5.615,5.702,5.781,5.853,5.918,5.979,6.034,6.088,6.138,6.185,6.229
40,0.1,2.381,2.988,3.349,3.605,3.803,3.964,4.099,4.215,4.317,4.408,4.49,4.564,4.632,4.695,4.753,4.807,4.858,4.905,4.95
40,0.05,2.858,3.443,3.792,4.04,4.233,4.389,4.521,4.635,4.735,4.825,4.905,4.978,5.044,5.106,5.163,5.217,5.267,5.314,5.358
40,0.025,3.294,3.858,4.197,4.439,4.627,4.780,4.910,5.022,5.120,5.208,5.288,5.360,5.426,5.487,5.544,5.597,5.646,5.693,5.737
40,0.01,3.825,4.373,4.7,4.937,5.12,5.269,5.396,5.506,5.603,5.69,5.768,5.84,5.905,5.965,6.02,6.074,6.123,6.17,6.213
40,0.005,4.202,4.731,5.053,5.284,5.465,5.614,5.739,5.848,5.944,6.030,6.108,6.179,6.244,6.304,6.360,6.412,6.461,6.507,6.550
40,0.001,5.022,5.528,5.838,6.063,6.240,6.386,6.509,6.616,6.711,6.796,6.872,6.942,7.067,7.007,7.122,7.174,7.223,7.269,7.312
41,0.1,2.38,2.986,3.346,3.602,3.8,3.96,4.095,4.211,4.313,4.403,4.485,4.559,4.627,4.689,4.747,4.801,4.851,4.899,4.944
41,0.05,2.856,3.44,3.788,4.036,4.227,4.384,4.516,4.629,4.729,4.818,4.898,4.97,5.037,5.098,5.156,5.209,5.259,5.306,5.35
41,0.01,3.82,4.366,4.693,4.929,5.112,5.26,5.386,5.495,5.591,5.678,5.756,5.827,5.892,5.952,6.008,6.06,6.109,6.155,6.199
42,0.1,2.379,2.984,3.344,3.599,3.796,3.956,4.091,4.207,4.308,4.399,4.48,4.554,4.621,4.684,4.741,4.796,4.846,4.893,4.938
42,0.05,2.854,3.437,3.784,4.031,4.223,4.379,4.51,4.623,4.723,4.811,4.891,4.963,5.03,5.091,5.148,5.201,5.251,5.298,5.342
42,0.01,3.816,4.361,4.686,4.92,5.103,5.25,5.376,5.485,5.581,5.667,5.745,5.815,5.88,5.939,5.995,6.047,6.096,6.142,6.185
43,0.1,2.377,2.982,3.341,3.596,3.793,3.953,4.087,4.203,4.304,4.394,4.475,4.549,4.617,4.679,4.736,4.79,4.84,4.888,4.932
43,0.05,2.852,3.434,3.781,4.027,4.218,4.374,4.505,4.618,4.717,4.805,4.885,4.957,5.023,5.084,5.141,5.194,5.244,5.29,5.334
43,0.01,3.811,4.355,4.679,4.913,5.095,5.241,5.367,5.475,5.57,5.656,5.734,5.804,5.869,5.927,5.983,6.035,6.083,6.129,6.172
44,0.1,2.376,2.98,3.339,3.593,3.79,3.95,4.084,4.199,4.3,4.39,4.471,4.545,4.612,4.674,4.731,4.785,4.835,4.882,4.927
44,0.05,2.85,3.431,3.777,4.023,4.214,4.369,4.5,4.612,4.711,4.799,4.879,4.95,5.017,5.077,5.134,5.187,5.236,5.283,5.327
44,0.01,3.807,4.349,4.673,4.906,5.087,5.233,5.358,5.465,5.56,5.646,5.723,5.793,5.858,5.916,5.971,6.023,6.071,6.117,6.16
45,0.1,2.375,2.979,3.337,3.591,3.787,3.946,4.08,4.195,4.296,4.386,4.467,4.54,4.607,4.669,4.727,4.78,4.83,4.877,4.921
45,0.05,2.848,3.429,3.774,4.019,4.21,4.364,4.495,4.607,4.706,4.794,4.873,4.945,5.01,5.071,5.128,5.18,5.23,5.276,5.319
45,0.01,3.804,4.344,4.666,4.899,5.079,5.225,5.349,5.456,5.551,5.636,5.713,5.783,5.847,5.905,5.96,6.012,6.06,6.105,6.148
46,0.1,2.374,2.977,3.335,3.588,3.784,3.943,4.077,4.192,4.292,4.382,4.463,4.536,4.603,4.665,4.722,4.776,4.826,4.872,4.917
46,0.05,2.847,3.426,3.771,4.016,4.206,4.36,4.49,4.602,4.701,4.788,4.867,4.939,5.004,5.065,5.121,5.174,5.223,5.269,5.313
46,0.01,3.8,4.339,4.66,4.892,5.072,5.217,5.341,5.448,5.542,5.627,5.703,5.773,5.837,5.895,5.95,6.001,6.049,6.094,6.137
47,0.1,2.373,2.975,3.333,3.586,3.782,3.94,4.074,4.189,4.289,4.379,4.459,4.532,4.599,4.661,4.718,4.771,4.821,4.868,4.912
47,0.05,2.845,3.424,3.768,4.012,4.202,4.356,4.486,4.598,4.696,4.783,4.862,4.933,4.999,5.059,5.115,5.168,5.217,5.263,5.306
47,0.01,3.796,4.334,4.655,4.886,5.065,5.21,5.333,5.439,5.534,5.618,5.694,5.764,5.827,5.885,5.94,5.991,6.039,6.084,6.126
48,0.1,2.372,2.974,3.331,3.584,3.779,3.938,4.071,4.185,4.286,4.375,4.455,4.528,4.595,4.657,4.714,4.767,4.817,4.863,4.907
48,0.05,2.843,3.421,3.765,4.009,4.198,4.352,4.481,4.593,4.691,4.778,4.857,4.929,4.993,5.054,5.11,5.162,5.211,5.257,5.3
48,0.01,3.793,4.33,4.649,4.88,5.058,5.203,5.326,5.432,5.526,5.61,5.686,5.755,5.818,5.876,5.93,5.981,6.029,6.073,6.116
49,0.1,2.371,2.972,3.329,3.582,3.777,3.935,4.068,4.182,4.282,4.372,4.452,4.525,4.591,4.653,4.71,4.763,4.813,4.859,4.903
49,0.05,2.842,3.419,3.762,4.006,4.195,4.348,4.477,4.589,4.687,4.774,4.852,4.923,4.988,5.048,5.104,5.156,5.205,5.251,5.294
49,0.01,3.79,4.325,4.644,4.874,5.052,5.196,5.319,5.424,5.518,5.602,5.677,5.746,5.809,5.867,5.921,5.972,6.019,6.064,6.106
50,0.1,2.37,2.971,3.327,3.579,3.774,3.932,4.065,4.179,4.279,4.368,4.449,4.521,4.588,4.649,4.706,4.759,4.809,4.855,4.899
50,0.05,2.84,3.417,3.759,4.003,4.191,4.344,4.473,4.585,4.682,4.769,4.847,4.919,4.983,5.043,5.099,5.151,5.2,5.245,5.288
50,0.01,3.787,4.321,4.639,4.868,5.046,5.189,5.312,5.417,5.51,5.594,5.669,5.738,5.801,5.859,5.912,5.964,6.01,6.054,6.096
51,0.1,2.369,2.97,3.325,3.577,3.772,3.93,4.063,4.177,4.276,4.365,4.445,4.518,4.584,4.646,4.702,4.755,4.805,4.851,4.895
51,0.05,2.839,3.415,3.757,4.0,4.188,4.341,4.47,4.581,4.678,4.765,4.843,4.914,4.979,5.038,5.094,5.146,5.194,5.24,5.283
51,0.01,3.784,4.317,4.634,4.863,5.04,5.183,5.305,5.41,5.503,5.587,5.661,5.73,5.793,5.851,5.904,5.955,6.001,6.045,6.087
52,0.1,2.368,2.968,3.324,3.575,3.77,3.927,4.06,4.174,4.273,4.362,4.442,4.515,4.581,4.642,4.699,4.752,4.801,4.847,4.891
52,0.05,2.838,3.413,3.754,3.998,4.185,4.338,4.466,4.577,4.674,4.761,4.839,4.909,4.974,5.034,5.089,5.141,5.189,5.235,5.278
52,0.01,3.781,4.313,4.63,4.858,5.034,5.177,5.299,5.404,5.496,5.579,5.654,5.722,5.785,5.843,5.896,5.947,5.993,6.037,6.078
53,0.1,2.368,2.967,3.322,3.574,3.768,3.925,4.058,4.171,4.271,4.359,4.439,4.512,4.578,4.639,4.695,4.748,4.797,4.844,4.887
53,0.05,2.836,3.411,3.752,3.995,4.182,4.334,4.463,4.573,4.67,4.757,4.834,4.905,4.97,5.029,5.084,5.136,5.184,5.23,5.273
53,0.01,3.778,4.31,4.626,4.853,5.029,5.171,5.293,5.397,5.49,5.573,5.647,5.715,5.777,5.835,5.888,5.939,5.984,6.029,6.07
54,0.1,2.367,2.966,3.32,3.572,3.766,3.923,4.055,4.169,4.268,4.357,4.436,4.509,4.575,4.636,4.692,4.745,4.794,4.84,4.884
54,0.05,2.835,3.409,3.75,3.992,4.179,4.331,4.459,4.57,4.667,4.753,4.83,4.901,4.965,5.025,5.08,5.132,5.18,5.225,5.268
54,0.01,3.776,4.306,4.621,4.848,5.024,5.166,5.287,5.391,5.483,5.566,5.64,5.708,5.77,5.828,5.88,5.931,5.977,6.021,6.062
55,0.1,2.366,2.965,3.319,3.57,3.764,3.921,4.053,4.166,4.266,4.354,4.434,4.506,4.572,4.633,4.689,4.742,4.791,4.837,4.88
55,0.05,2.834,3.407,3.748,3.99,4.176,4.328,4.456,4.566,4.663,4.749,4.827,4.897,4.961,5.021,5.076,5.127,5.175,5.22,5.263
55,0.01,3.773,4.303,4.617,4.843,5.019,5.161,5.281,5.385,5.477,5.56,5.634,5.701,5.763,5.821,5.873,5.924,5.969,6.013,6.054
56,0.1,2.365,2.963,3.318,3.568,3.762,3.919,4.051,4.164,4.263,4.351,4.431,4.503,4.569,4.63,4.686,4.739,4.788,4.834,4.877
56,0.05,2.833,3.406,3.746,3.987,4.174,4.325,4.453,4.563,4.66,4.746,4.823,4.893,4.958,5.017,5.071,5.123,5.171,5.216,5.259
56,0.01,3.771,4.299,4.613,4.839,5.014,5.156,5.276,5.38,5.471,5.554,5.627,5.695,5.757,5.814,5.866,5.916,5.962,6.006,6.047
57,0.1,2.365,2.962,3.316,3.567,3.76,3.917,4.049,4.162,4.261,4.349,4.428,4.5,4.566,4.627,4.683,4.736,4.784,4.83,4.874
57,0.05,2.832,3.404,3.744,3.985,4.171,4.323,4.45,4.56,4.656,4.742,4.819,4.89,4.954,5.013,5.067,5.119,5.167,5.212,5.254
57,0.01,3.769,4.296,4.609,4.835,5.009,5.151,5.27,5.374,5.466,5.548,5.621,5.689,5.75,5.808,5.86,5.91,5.955,5.998,6.039
58,0.1,2.364,2.961,3.315,3.565,3.758,3.915,4.047,4.16,4.259,4.347,4.426,4.498,4.563,4.624,4.68,4.733,4.781,4.827,4.871
58,0.05,2.831,3.403,3.742,3.983,4.169,4.32,4.447,4.557,4.653,4.739,4.816,4.886,4.95,5.009,5.064,5.115,5.163,5.208,5.25
58,0.01,3.766,4.293,4.606,4.831,5.005,5.147,5.265,5.369,5.46,5.542,5.615,5.682,5.744,5.801,5.853,5.903,5.948,5.992,6.032
59,0.1,2.363,2.96,3.314,3.564,3.757,3.913,4.045,4.158,4.257,4.344,4.423,4.495,4.561,4.621,4.677,4.73,4.779,4.825,4.868
59,0.05,2.83,3.401,3.74,3.981,4.166,4.317,4.444,4.554,4.65,4.736,4.813,4.882,4.947,5.005,5.06,5.111,5.159,5.204,5.246
59,0.01,3.764,4.29,4.602,4.827,5.001,5.142,5.261,5.364,5.455,5.537,5.61,5.677,5.738,5.795,5.847,5.897,5.942,5.985,6.026
60,0.1,2.363,2.959,3.312,3.562,3.755,3.911,4.043,4.156,4.254,4.342,4.421,4.493,4.558,4.619,4.675,4.727,4.776,4.822,4.865
60,0.05,2.829,3.4,3.738,3.979,4.164,4.315,4.442,4.551,4.647,4.732,4.809,4.879,4.943,5.002,5.056,5.107,5.155,5.2,5.242
60,0.025,3.251,3.798,4.124,4.356,4.536,4.682,4.806,4.912,5.006,5.089,5.164,5.232,5.295,5.352,5.406,5.456,5.503,5.546,5.588
60,0.01,3.762,4.287,4.599,4.823,4.996,5.138,5.256,5.359,5.45,5.532,5.604,5.671,5.732,5.789,5.841,5.89,5.936,5.979,6.019
60,0.005,4.122,4.625,4.928,5.146,5.316,5.454,5.571,5.673,5.762,5.841,5.913,5.979,6.039,6.094,6.146,6.194,6.239,6.281,6.321
60,0.001,4.894,5.365,5.653,5.860,6.022,6.155,6.268,6.366,6.451,6.528,6.598,6.661,6.774,6.720,6.824,6.871,6.914,6.956,6.995
61,0.1,2.362,2.958,3.311,3.561,3.754,3.91,4.041,4.154,4.252,4.34,4.419,4.49,4.556,4.616,4.672,4.724,4.773,4.819,4.862
61,0.05,2.828,3.398,3.736,3.977,4.162,4.312,4.439,4.548,4.644,4.729,4.806,4.876,4.94,4.998,5.053,5.104,5.151,5.196,5.238
61,0.01,3.76,4.285,4.596,4.819,4.992,5.133,5.251,5.354,5.445,5.526,5.599,5.666,5.727,5.783,5.835,5.884,5.93,5.972,6.013
62,0.1,2.361,2.958,3.31,3.56,3.752,3.908,4.039,4.152,4.25,4.338,4.417,4.488,4.554,4.614,4.67,4.722,4.771,4.816,4.859
62,0.05,2.827,3.397,3.735,3.975,4.16,4.31,4.437,4.546,4.641,4.727,4.803,4.873,4.937,4.995,5.049,5.1,5.148,5.192,5.234
62,0.01,3.758,4.282,4.592,4.816,4.989,5.129,5.247,5.35,5.441,5.521,5.594,5.66,5.722,5.778,5.83,5.879,5.924,5.967,6.007
63,0.1,2.361,2.957,3.309,3.558,3.751,3.906,4.037,4.15,4.249,4.336,4.415,4.486,4.551,4.612,4.667,4.72,4.768,4.814,4.857
63,0.05,2.826,3.395,3.733,3.973,4.158,4.308,4.434,4.543,4.639,4.724,4.8,4.87,4.934,4.992,5.046,5.097,5.144,5.189,5.231
63,0.01,3.756,4.279,4.589,4.812,4.985,5.125,5.243,5.345,5.436,5.517,5.589,5.655,5.716,5.772,5.825,5.873,5.919,5.961,6.001
64,0.1,2.36,2.956,3.308,3.557,3.749,3.905,4.036,4.148,4.247,4.334,4.412,4.484,4.549,4.609,4.665,4.717,4.766,4.811,4.854
64,0.05,2.825,3.394,3.731,3.971,4.156,4.306,4.432,4.541,4.636,4.721,4.797,4.867,4.93,4.989,5.043,5.094,5.141,5.186,5.228
64,0.01,3.754,4.277,4.587,4.809,4.981,5.121,5.239,5.341,5.432,5.512,5.584,5.65,5.711,5.767,5.819,5.868,5.913,5.955,5.995
65,0.1,2.36,2.955,3.307,3.556,3.748,3.903,4.034,4.146,4.245,4.332,4.411,4.482,4.547,4.607,4.663,4.715,4.763,4.809,4.852
65,0.05,2.824,3.393,3.73,3.969,4.154,4.303,4.43,4.538,4.634,4.718,4.795,4.864,4.928,4.986,5.04,5.091,5.138,5.182,5.224
65,0.01,3.753,4.274,4.584,4.805,4.978,5.117,5.235,5.337,5.427,5.508,5.58,5.646,5.707,5.762,5.814,5.862,5.908,5.95,5.99
66,0.1,2.359,2.954,3.306,3.555,3.746,3.902,4.032,4.145,4.243,4.33,4.409,4.48,4.545,4.605,4.661,4.713,4.761,4.806,4.849
66,0.05,2.823,3.392,3.728,3.967,4.152,4.301,4.427,4.536,4.631,4.716,4.792,4.861,4.925,4.983,5.037,5.088,5.135,5.179,5.221
66,0.01,3.751,4.272,4.581,4.802,4.974,5.114,5.231,5.333,5.423,5.503,5.575,5.641,5.702,5.758,5.809,5.858,5.903,5.945,5.985
67,0.1,2.359,2.953,3.305,3.553,3.745,3.901,4.031,4.143,4.241,4.328,4.407,4.478,4.543,4.603,4.659,4.71,4.759,4.804,4.847
67,0.05,2.823,3.391,3.727,3.966,4.15,4.299,4.425,4.534,4.629,4.713,4.789,4.859,4.922,4.98,5.034,5.085,5.132,5.176,5.218
67,0.01,3.749,4.27,4.578,4.799,4.971,5.11,5.227,5.329,5.419,5.499,5.571,5.637,5.697,5.753,5.805,5.853,5.898,5.939,5.979
68,0.1,2.358,2.953,3.304,3.552,3.744,3.899,4.029,4.141,4.24,4.327,4.405,4.476,4.541,4.601,4.657,4.708,4.757,4.802,4.845
68,0.05,2.822,3.389,3.726,3.964,4.148,4.298,4.423,4.531,4.627,4.711,4.787,4.856,4.919,4.978,5.031,5.082,5.129,5.173,5.215
68,0.01,3.748,4.267,4.576,4.796,4.968,5.107,5.224,5.325,5.415,5.495,5.567,5.632,5.693,5.748,5.8,5.848,5.893,5.935,5.974
69,0.1,2.358,2.952,3.303,3.551,3.743,3.898,4.028,4.14,4.238,4.325,4.403,4.474,4.539,4.599,4.655,4.706,4.755,4.8,4.843
69,0.05,2.821,3.388,3.724,3.963,4.146,4.296,4.421,4.529,4.624,4.709,4.785,4.854,4.917,4.975,5.029,5.079,5.126,5.17,5.212
69,0.01,3.746,4.265,4.573,4.793,4.965,5.104,5.22,5.322,5.411,5.491,5.563,5.628,5.688,5.744,5.795,5.843,5.888,5.93,5.97
70,0.1,2.357,2.951,3.302,3.55,3.741,3.897,4.027,4.138,4.237,4.324,4.402,4.472,4.537,4.597,4.653,4.704,4.753,4.798,4.84
70,0.05,2.821,3.387,3.723,3.961,4.145,4.294,4.419,4.527,4.622,4.706,4.782,4.851,4.914,4.972,5.026,5.076,5.123,5.167,5.209
70,0.01,3.745,4.263,4.571,4.791,4.962,5.1,5.217,5.318,5.408,5.487,5.559,5.624,5.684,5.74,5.791,5.839,5.884,5.925,5.965
71,0.1,2.357,2.95,3.301,3.549,3.74,3.895,4.025,4.137,4.235,4.322,4.4,4.471,4.536,4.595,4.651,4.702,4.75,4.796,4.838
71,0.05,2.82,3.386,3.722,3.96,4.143,4.292,4.417,4.525,4.62,4.704,4.78,4.849,4.912,4.97,5.024,5.074,5.121,5.165,5.206
71,0.01,3.743,4.261,4.568,4.788,4.959,5.097,5.213,5.315,5.404,5.483,5.555,5.62,5.68,5.735,5.787,5.835,5.879,5.921,5.96
72,0.1,2.356,2.95,3.3,3.548,3.739,3.894,4.024,4.136,4.234,4.32,4.398,4.469,4.534,4.594,4.649,4.701,4.749,4.794,4.836
72,0.05,2.819,3.385,3.72,3.958,4.141,4.29,4.415,4.523,4.618,4.702,4.778,4.847,4.91,4.968,5.021,5.071,5.118,5.162,5.203
72,0.01,3.742,4.259,4.566,4.786,4.956,5.094,5.21,5.311,5.401,5.48,5.551,5.616,5.676,5.732,5.783,5.83,5.875,5.917,5.956
73,0.1,2.356,2.949,3.299,3.547,3.738,3.893,4.023,4.134,4.232,4.319,4.397,4.467,4.532,4.592,4.647,4.699,4.747,4.792,4.834
73,0.05,2.818,3.384,3.719,3.957,4.14,4.289,4.414,4.521,4.616,4.7,4.776,4.844,4.907,4.965,5.019,5.069,5.115,5.159,5.201
73,0.01,3.74,4.257,4.564,4.783,4.953,5.091,5.207,5.308,5.397,5.476,5.547,5.612,5.673,5.728,5.779,5.826,5.871,5.913,5.952
74,0.1,2.356,2.949,3.299,3.546,3.737,3.892,4.021,4.133,4.231,4.318,4.395,4.466,4.531,4.59,4.645,4.697,4.745,4.79,4.833
74,0.05,2.818,3.383,3.718,3.955,4.138,4.287,4.412,4.52,4.614,4.698,4.774,4.842,4.905,4.963,5.017,5.066,5.113,5.157,5.198
74,0.01,3.739,4.256,4.562,4.781,4.951,5.088,5.204,5.305,5.394,5.473,5.544,5.609,5.669,5.724,5.775,5.823,5.867,5.909,5.948
75,0.1,2.355,2.948,3.298,3.545,3.736,3.891,4.02,4.132,4.229,4.316,4.394,4.464,4.529,4.589,4.644,4.695,4.743,4.788,4.831
75,0.05,2.817,3.382,3.717,3.954,4.137,4.285,4.41,4.518,4.612,4.696,4.771,4.84,4.903,4.961,5.014,5.064,5.11,5.154,5.196
75,0.01,3.738,4.254,4.559,4.778,4.948,5.086,5.201,5.302,5.391,5.47,5.54,5.605,5.665,5.72,5.771,5.819,5.863,5.905,5.943
76,0.1,2.355,2.947,3.297,3.545,3.735,3.89,4.019,4.13,4.228,4.315,4.392,4.463,4.528,4.587,4.642,4.693,4.741,4.787,4.829
76,0.05,2.817,3.381,3.716,3.953,4.136,4.284,4.409,4.516,4.61,4.694,4.769,4.838,4.901,4.958,5.012,5.062,5.108,5.152,5.193
76,0.01,3.736,4.252,4.557,4.776,4.946,5.083,5.198,5.299,5.387,5.466,5.537,5.602,5.662,5.716,5.767,5.816,5.859,5.901,5.94
77,0.1,2.354,2.947,3.296,3.544,3.734,3.888,4.018,4.129,4.227,4.313,4.391,4.461,4.526,4.585,4.641,4.692,4.74,4.785,4.827
77,0.05,2.816,3.381,3.715,3.952,4.134,4.282,4.407,4.514,4.609,4.692,4.768,4.836,4.899,4.956,5.01,5.059,5.106,5.15,5.191
77,0.01,3.735,4.25,4.555,4.774,4.943,5.081,5.196,5.296,5.384,5.463,5.534,5.599,5.658,5.713,5.764,5.812,5.855,5.897,5.936
78,0.1,2.354,2.946,3.296,3.543,3.733,3.887,4.017,4.128,4.226,4.312,4.389,4.46,4.525,4.584,4.639,4.69,4.738,4.783,4.826
78,0.05,2.815,3.38,3.714,3.95,4.133,4.281,4.405,4.513,4.607,4.69,4.766,4.834,4.897,4.954,5.008,5.057,5.104,5.147,5.189
78,0.01,3.734,4.249,4.553,4.771,4.941,5.079,5.193,5.293,5.381,5.46,5.531,5.595,5.655,5.709,5.76,5.808,5.852,5.893,5.932
79,0.1,2.354,2.946,3.295,3.542,3.732,3.886,4.016,4.127,4.224,4.311,4.388,4.459,4.523,4.583,4.638,4.689,4.737,4.781,4.824
79,0.05,2.815,3.379,3.713,3.949,4.132,4.279,4.404,4.511,4.605,4.689,4.764,4.832,4.895,4.952,5.006,5.055,5.102,5.145,5.186
79,0.01,3.733,4.247,4.551,4.769,4.938,5.076,5.19,5.29,5.379,5.457,5.528,5.592,5.652,5.706,5.757,5.805,5.848,5.89,5.928
80,0.1,2.353,2.945,3.294,3.541,3.731,3.885,4.015,4.126,4.223,4.31,4.387,4.457,4.522,4.581,4.636,4.687,4.735,4.78,4.822
80,0.05,2.814,3.378,3.712,3.948,4.13,4.278,4.402,4.509,4.604,4.687,4.762,4.83,4.893,4.95,5.004,5.053,5.099,5.143,5.184
80,0.01,3.732,4.245,4.55,4.767,4.936,5.074,5.188,5.288,5.376,5.454,5.525,5.589,5.648,5.703,5.753,5.801,5.845,5.886,5.925
81,0.1,2.353,2.945,3.294,3.54,3.731,3.884,4.014,4.125,4.222,4.308,4.386,4.456,4.52,4.58,4.635,4.686,4.734,4.778,4.821
81,0.05,2.814,3.377,3.711,3.947,4.129,4.277,4.401,4.508,4.602,4.685,4.76,4.828,4.891,4.948,5.002,5.051,5.097,5.141,5.182
81,0.01,3.73,4.244,4.548,4.765,4.934,5.071,5.185,5.285,5.373,5.452,5.522,5.586,5.645,5.7,5.75,5.798,5.841,5.883,5.921
82,0.1,2.353,2.944,3.293,3.54,3.73,3.884,4.013,4.124,4.221,4.307,4.384,4.455,4.519,4.578,4.633,4.684,4.732,4.777,4.819
82,0.05,2.813,3.377,3.71,3.946,4.128,4.275,4.4,4.506,4.6,4.684,4.759,4.827,4.889,4.946,5.0,5.049,5.095,5.139,5.18
82,0.01,3.729,4.242,4.546,4.763,4.932,5.069,5.183,5.282,5.37,5.449,5.519,5.583,5.642,5.697,5.747,5.795,5.838,5.879,5.918
83,0.1,2.352,2.944,3.292,3.539,3.729,3.883,4.012,4.123,4.22,4.306,4.383,4.453,4.518,4.577,4.632,4.683,4.731,4.775,4.818
83,0.05,2.813,3.376,3.709,3.945,4.127,4.274,4.398,4.505,4.599,4.682,4.757,4.825,4.887,4.945,4.998,5.048,5.093,5.137,5.178
83,0.01,3.728,4.241,4.544,4.761,4.93,5.067,5.18,5.28,5.368,5.446,5.516,5.58,5.639,5.693,5.744,5.792,5.835,5.876,5.914
84,0.1,2.352,2.943,3.292,3.538,3.728,3.882,4.011,4.121,4.219,4.305,4.382,4.452,4.517,4.576,4.63,4.681,4.729,4.774,4.816
84,0.05,2.812,3.375,3.708,3.944,4.125,4.273,4.397,4.504,4.597,4.68,4.755,4.823,4.886,4.943,4.996,5.046,5.092,5.135,5.176
84,0.01,3.727,4.24,4.543,4.759,4.928,5.065,5.178,5.278,5.366,5.443,5.514,5.578,5.636,5.691,5.741,5.789,5.832,5.873,5.912
85,0.1,2.352,2.943,3.291,3.537,3.727,3.881,4.01,4.12,4.218,4.304,4.381,4.451,4.515,4.574,4.629,4.68,4.728,4.772,4.815
85,0.05,2.812,3.374,3.707,3.943,4.124,4.272,4.395,4.502,4.596,4.679,4.754,4.822,4.884,4.941,4.994,5.044,5.09,5.133,5.174
85,0.01,3.726,4.238,4.541,4.757,4.926,5.063,5.176,5.275,5.363,5.441,5.511,5.575,5.634,5.688,5.738,5.786,5.829,5.87,5.909
86,0.1,2.351,2.942,3.29,3.537,3.726,3.88,4.009,4.12,4.217,4.303,4.38,4.45,4.514,4.573,4.628,4.679,4.727,4.771,4.813
86,0.05,2.811,3.374,3.706,3.942,4.123,4.27,4.394,4.501,4.594,4.677,4.752,4.82,4.882,4.939,4.992,5.042,5.088,5.131,5.172
86,0.01,3.725,4.237,4.539,4.755,4.924,5.06,5.174,5.273,5.361,5.438,5.508,5.572,5.631,5.685,5.735,5.783,5.826,5.867,5.906
87,0.1,2.351,2.942,3.29,3.536,3.726,3.879,4.008,4.119,4.216,4.302,4.379,4.449,4.513,4.572,4.627,4.678,4.725,4.77,4.812
87,0.05,2.811,3.373,3.705,3.941,4.122,4.269,4.393,4.5,4.593,4.676,4.751,4.819,4.88,4.938,4.991,5.04,5.086,5.129,5.17
87,0.01,3.724,4.235,4.538,4.754,4.922,5.058,5.171,5.271,5.358,5.436,5.506,5.57,5.628,5.682,5.732,5.78,5.823,5.864,5.903
88,0.1,2.351,2.941,3.289,3.535,3.725,3.878,4.007,4.118,4.215,4.301,4.378,4.448,4.512,4.571,4.625,4.676,4.724,4.769,4.811
88,0.05,2.81,3.372,3.704,3.94,4.121,4.268,4.392,4.498,4.592,4.675,4.749,4.817,4.879,4.936,4.989,5.039,5.084,5.128,5.168
88,0.01,3.723,4.234,4.536,4.752,4.92,5.056,5.169,5.269,5.356,5.434,5.503,5.567,5.626,5.68,5.73,5.777,5.82,5.861,5.9
89,0.1,2.351,2.941,3.289,3.535,3.724,3.878,4.006,4.117,4.214,4.3,4.377,4.447,4.511,4.57,4.624,4.675,4.723,4.767,4.809
89,0.05,2.81,3.372,3.704,3.939,4.12,4.267,4.391,4.497,4.59,4.673,4.748,4.815,4.877,4.935,4.987,5.037,5.083,5.126,5.167
89,0.01,3.722,4.233,4.535,4.75,4.918,5.054,5.167,5.267,5.354,5.431,5.501,5.565,5.623,5.677,5.727,5.774,5.818,5.858,5.897
90,0.1,2.35,2.94,3.288,3.534,3.723,3.877,4.005,4.116,4.213,4.299,4.376,4.446,4.51,4.568,4.623,4.674,4.721,4.766,4.808
90,0.05,2.809,3.371,3.703,3.938,4.119,4.266,4.389,4.496,4.589,4.672,4.746,4.814,4.876,4.933,4.986,5.035,5.081,5.124,5.165
90,0.01,3.722,4.232,4.533,4.749,4.916,5.053,5.165,5.264,5.351,5.429,5.499,5.562,5.62,5.674,5.724,5.771,5.815,5.855,5.894
91,0.1,2.35,2.94,3.288,3.534,3.723,3.876,4.005,4.115,4.212,4.298,4.375,4.444,4.508,4.567,4.622,4.673,4.72,4.765,4.807
91,0.05,2.809,3.37,3.702,3.937,4.118,4.265,4.388,4.495,4.588,4.67,4.745,4.813,4.874,4.931,4.984,5.034,5.08,5.123,5.163
91,0.01,3.721,4.23,4.532,4.747,4.914,5.051,5.163,5.262,5.349,5.427,5.496,5.56,5.618,5.672,5.722,5.769,5.813,5.853,5.891
92,0.1,2.35,2.94,3.287,3.533,3.722,3.875,4.004,4.114,4.211,4.297,4.374,4.443,4.507,4.566,4.621,4.672,4.719,4.764,4.806
92,0.05,2.809,3.37,3.701,3.936,4.117,4.264,4.387,4.493,4.586,4.669,4.744,4.811,4.873,4.93,4.983,5.032,5.078,5.121,5.162
92,0.01,3.72,4.229,4.53,4.745,4.913,5.049,5.161,5.26,5.347,5.425,5.494,5.558,5.616,5.669,5.719,5.766,5.81,5.85,5.889
93,0.1,2.35,2.939,3.287,3.532,3.721,3.875,4.003,4.113,4.21,4.296,4.373,4.442,4.506,4.565,4.62,4.67,4.718,4.762,4.804
93,0.05,2.808,3.369,3.701,3.935,4.116,4.263,4.386,4.492,4.585,4.668,4.742,4.81,4.872,4.929,4.981,5.031,5.077,5.119,5.16
93,0.01,3.719,4.228,4.529,4.744,4.911,5.047,5.159,5.258,5.345,5.422,5.492,5.555,5.613,5.667,5.717,5.764,5.807,5.847,5.886
94,0.1,2.349,2.939,3.286,3.532,3.721,3.874,4.002,4.112,4.209,4.295,4.372,4.441,4.505,4.564,4.619,4.669,4.717,4.761,4.803
94,0.05,2.808,3.369,3.7,3.934,4.115,4.262,4.385,4.491,4.584,4.667,4.741,4.809,4.87,4.927,4.98,5.029,5.075,5.118,5.158
94,0.01,3.718,4.227,4.528,4.742,4.909,5.045,5.158,5.256,5.343,5.42,5.49,5.553,5.611,5.665,5.714,5.761,5.805,5.845,5.883
95,0.1,2.349,2.938,3.286,3.531,3.72,3.873,4.001,4.112,4.208,4.294,4.371,4.441,4.504,4.563,4.618,4.668,4.716,4.76,4.802
95,0.05,2.807,3.368,3.699,3.934,4.115,4.261,4.384,4.49,4.583,4.665,4.74,4.807,4.869,4.926,4.978,5.028,5.074,5.116,5.157
95,0.01,3.717,4.226,4.526,4.741,4.908,5.044,5.156,5.255,5.341,5.418,5.488,5.551,5.609,5.662,5.712,5.759,5.802,5.842,5.881
96,0.1,2.349,2.938,3.285,3.531,3.72,3.873,4.001,4.111,4.207,4.293,4.37,4.44,4.503,4.562,4.617,4.667,4.715,4.759,4.801
96,0.05,2.807,3.367,3.698,3.933,4.114,4.26,4.383,4.489,4.582,4.664,4.739,4.806,4.868,4.924,4.977,5.026,5.072,5.115,5.155
96,0.01,3.717,4.225,4.525,4.74,4.906,5.042,5.154,5.253,5.339,5.416,5.486,5.549,5.607,5.66,5.71,5.757,5.8,5.84,5.878
97,0.1,2.349,2.938,3.285,3.53,3.719,3.872,4.0,4.11,4.207,4.292,4.369,4.439,4.502,4.561,4.616,4.666,4.714,4.758,4.8
97,0.05,2.807,3.367,3.698,3.932,4.113,4.259,4.382,4.488,4.581,4.663,4.737,4.805,4.866,4.923,4.976,5.025,5.071,5.113,5.154
97,0.01,3.716,4.224,4.524,4.738,4.905,5.04,5.153,5.251,5.337,5.414,5.484,5.547,5.604,5.658,5.707,5.754,5.798,5.837,5.876
98,0.1,2.348,2.937,3.284,3.53,3.718,3.871,3.999,4.109,4.206,4.291,4.368,4.438,4.502,4.56,4.615,4.665,4.713,4.757,4.799
98,0.05,2.806,3.366,3.697,3.931,4.112,4.258,4.381,4.487,4.58,4.662,4.736,4.803,4.865,4.922,4.974,5.023,5.069,5.112,5.152
98,0.01,3.715,4.223,4.523,4.737,4.903,5.039,5.151,5.249,5.335,5.412,5.482,5.545,5.602,5.656,5.705,5.752,5.795,5.835,5.873
99,0.1,2.348,2.937,3.284,3.529,3.718,3.871,3.999,4.109,4.205,4.291,4.367,4.437,4.501,4.559,4.614,4.664,4.712,4.756,4.798
99,0.05,2.806,3.366,3.696,3.931,4.111,4.257,4.38,4.486,4.579,4.661,4.735,4.802,4.864,4.92,4.973,5.022,5.068,5.111,5.151
99,0.01,3.714,4.222,4.522,4.735,4.902,5.037,5.149,5.247,5.334,5.41,5.48,5.543,5.6,5.654,5.703,5.75,5.793,5.833,5.871
100,0.1,2.348,2.937,3.283,3.529,3.717,3.87,3.998,4.108,4.204,4.29,4.367,4.436,4.5,4.558,4.613,4.663,4.711,4.755,4.797
100,0.05,2.806,3.365,3.696,3.93,4.11,4.256,4.379,4.485,4.577,4.66,4.734,4.801,4.862,4.919,4.972,5.021,5.067,5.109,5.15
100,0.01,3.713,4.221,4.52,4.734,4.9,5.036,5.148,5.246,5.332,5.409,5.478,5.541,5.598,5.652,5.701,5.748,5.791,5.83,5.869
101,0.1,2.348,2.936,3.283,3.528,3.717,3.869,3.997,4.107,4.204,4.289,4.366,4.436,4.499,4.558,4.612,4.662,4.71,4.754,4.796
101,0.05,2.805,3.365,3.695,3.929,4.11,4.255,4.378,4.484,4.576,4.659,4.733,4.8,4.861,4.918,4.97,5.02,5.065,5.108,5.148
101,0.01,3.713,4.22,4.519,4.733,4.899,5.034,5.146,5.244,5.33,5.407,5.476,5.539,5.596,5.649,5.699,5.746,5.789,5.828,5.866
102,0.1,2.347,2.936,3.283,3.528,3.716,3.869,3.997,4.107,4.203,4.288,4.365,4.435,4.498,4.557,4.611,4.661,4.709,4.753,4.795
102,0.05,2.805,3.364,3.695,3.928,4.109,4.255,4.377,4.483,4.575,4.658,4.732,4.799,4.86,4.917,4.969,5.018,5.064,5.107,5.147
102,0.01,3.712,4.219,4.518,4.732,4.898,5.033,5.145,5.242,5.328,5.405,5.474,5.537,5.594,5.647,5.697,5.743,5.786,5.826,5.864
103,0.1,2.347,2.936,3.282,3.527,3.716,3.868,3.996,4.106,4.202,4.288,4.364,4.434,4.497,4.556,4.61,4.66,4.708,4.752,4.794
103,0.05,2.805,3.364,3.694,3.928,4.108,4.254,4.376,4.482,4.574,4.657,4.73,4.798,4.859,4.916,4.968,5.017,5.063,5.106,5.146
103,0.01,3.711,4.218,4.517,4.73,4.896,5.031,5.143,5.241,5.327,5.403,5.472,5.535,5.592,5.645,5.695,5.741,5.784,5.824,5.862
104,0.1,2.347,2.935,3.282,3.527,3.715,3.868,3.995,4.105,4.201,4.287,4.363,4.433,4.496,4.555,4.609,4.66,4.707,4.751,4.793
104,0.05,2.804,3.363,3.693,3.927,4.107,4.253,4.375,4.481,4.573,4.656,4.729,4.797,4.858,4.914,4.967,5.016,5.061,5.104,5.144
104,0.01,3.711,4.217,4.516,4.729,4.895,5.03,5.142,5.239,5.325,5.402,5.471,5.533,5.591,5.644,5.693,5.739,5.782,5.822,5.86
105,0.1,2.347,2.935,3.281,3.526,3.715,3.867,3.995,4.105,4.201,4.286,4.363,4.432,4.496,4.554,4.608,4.659,4.706,4.75,4.792
105,0.05,2.804,3.363,3.693,3.926,4.107,4.252,4.375,4.48,4.573,4.655,4.728,4.795,4.857,4.913,4.966,5.015,5.06,5.103,5.143
105,0.01,3.71,4.216,4.515,4.728,4.893,5.028,5.14,5.238,5.324,5.4,5.469,5.531,5.589,5.642,5.691,5.737,5.78,5.821,5.858
106,0.1,2.347,2.935,3.281,3.526,3.714,3.866,3.994,4.104,4.2,4.285,4.362,4.432,4.495,4.553,4.607,4.658,4.705,4.749,4.791
106,0.05,2.804,3.362,3.692,3.926,4.106,4.251,4.374,4.479,4.572,4.654,4.727,4.794,4.856,4.912,4.964,5.013,5.059,5.102,5.142
106,0.01,3.709,4.215,4.514,4.727,4.892,5.027,5.139,5.236,5.322,5.398,5.467,5.53,5.587,5.64,5.689,5.736,5.778,5.819,5.856
107,0.1,2.346,2.934,3.281,3.525,3.714,3.866,3.994,4.103,4.199,4.285,4.361,4.431,4.494,4.552,4.607,4.657,4.704,4.748,4.79
107,0.05,2.803,3.362,3.692,3.925,4.105,4.251,4.373,4.478,4.571,4.653,4.727,4.793,4.855,4.911,4.963,5.012,5.058,5.101,5.141
107,0.01,3.709,4.215,4.513,4.726,4.891,5.026,5.137,5.235,5.32,5.397,5.466,5.528,5.585,5.638,5.687,5.734,5.777,5.817,5.854
108,0.1,2.346,2.934,3.28,3.525,3.713,3.865,3.993,4.103,4.199,4.284,4.361,4.43,4.493,4.552,4.606,4.656,4.703,4.748,4.789
108,0.05,2.803,3.362,3.691,3.925,4.104,4.25,4.372,4.477,4.57,4.652,4.726,4.792,4.854,4.91,4.962,5.011,5.057,5.099,5.14
108,0.01,3.708,4.214,4.512,4.724,4.89,5.024,5.136,5.233,5.319,5.395,5.464,5.526,5.583,5.636,5.685,5.732,5.775,5.815,5.852
109,0.1,2.346,2.934,3.28,3.524,3.713,3.865,3.992,4.102,4.198,4.283,4.36,4.429,4.493,4.551,4.605,4.655,4.703,4.747,4.788
109,0.05,2.803,3.361,3.691,3.924,4.104,4.249,4.371,4.477,4.569,4.651,4.725,4.791,4.853,4.909,4.961,5.01,5.056,5.098,5.138
109,0.01,3.708,4.213,4.511,4.723,4.889,5.023,5.134,5.232,5.317,5.394,5.463,5.524,5.582,5.635,5.684,5.73,5.773,5.813,5.85
110,0.1,2.346,2.934,3.28,3.524,3.712,3.864,3.992,4.101,4.197,4.283,4.359,4.429,4.492,4.55,4.604,4.655,4.702,4.746,4.787
110,0.05,2.803,3.361,3.69,3.923,4.103,4.248,4.371,4.476,4.568,4.65,4.724,4.79,4.852,4.908,4.96,5.009,5.054,5.097,5.137
110,0.01,3.707,4.212,4.51,4.722,4.887,5.022,5.134,5.23,5.316,5.392,5.461,5.523,5.58,5.633,5.682,5.728,5.771,5.811,5.848
111,0.1,2.346,2.933,3.279,3.524,3.712,3.864,3.991,4.101,4.197,4.282,4.359,4.428,4.491,4.549,4.603,4.654,4.701,4.745,4.787
111,0.05,2.802,3.36,3.69,3.923,4.102,4.248,4.37,4.475,4.567,4.649,4.723,4.789,4.851,4.907,4.959,5.008,5.053,5.096,5.136
111,0.01,3.706,4.211,4.509,4.721,4.886,5.021,5.132,5.229,5.314,5.391,5.459,5.521,5.578,5.631,5.68,5.726,5.769,5.809,5.846
112,0.1,2.345,2.933,3.279,3.523,3.711,3.863,3.991,4.1,4.196,4.281,4.358,4.427,4.49,4.549,4.603,4.653,4.7,4.744,4.786
112,0.05,2.802,3.36,3.689,3.922,4.102,4.247,4.369,4.474,4.566,4.648,4.722,4.789,4.85,4.906,4.958,5.007,5.052,5.095,5.135
112,0.01,3.706,4.21,4.508,4.72,4.885,5.019,5.131,5.228,5.313,5.389,5.458,5.52,5.577,5.63,5.678,5.725,5.768,5.808,5.845
113,0.1,2.345,2.933,3.279,3.523,3.711,3.863,3.99,4.1,4.196,4.281,4.357,4.427,4.49,4.548,4.602,4.652,4.699,4.743,4.785
113,0.05,2.802,3.36,3.689,3.922,4.101,4.246,4.368,4.473,4.566,4.647,4.721,4.788,4.849,4.905,4.957,5.006,5.051,5.094,5.134
113,0.01,3.705,4.21,4.507,4.719,4.884,5.018,5.13,5.226,5.312,5.388,5.456,5.518,5.575,5.628,5.677,5.723,5.766,5.806,5.843
114,0.1,2.345,2.933,3.278,3.522,3.71,3.862,3.99,4.099,4.195,4.28,4.357,4.426,4.489,4.547,4.601,4.652,4.699,4.743,4.784
114,0.05,2.801,3.359,3.688,3.921,4.101,4.246,4.368,4.473,4.565,4.646,4.72,4.787,4.848,4.904,4.956,5.005,5.05,5.093,5.133
114,0.01,3.705,4.209,4.506,4.718,4.883,5.017,5.129,5.225,5.31,5.386,5.455,5.517,5.574,5.626,5.675,5.721,5.764,5.804,5.841
115,0.1,2.345,2.932,3.278,3.522,3.71,3.862,3.989,4.099,4.195,4.28,4.356,4.425,4.489,4.547,4.601,4.651,4.698,4.742,4.783
115,0.05,2.801,3.359,3.688,3.92,4.1,4.245,4.367,4.472,4.564,4.646,4.719,4.786,4.847,4.903,4.955,5.004,5.049,5.092,5.132
115,0.01,3.704,4.208,4.505,4.717,4.882,5.016,5.127,5.224,5.309,5.385,5.454,5.515,5.572,5.625,5.674,5.72,5.762,5.802,5.839
116,0.1,2.345,2.932,3.278,3.522,3.709,3.861,3.989,4.098,4.194,4.279,4.355,4.425,4.488,4.546,4.6,4.65,4.697,4.741,4.783
116,0.05,2.801,3.358,3.687,3.92,4.099,4.244,4.366,4.471,4.563,4.645,4.718,4.785,4.846,4.902,4.954,5.003,5.048,5.091,5.131
116,0.01,3.704,4.207,4.504,4.716,4.881,5.015,5.126,5.222,5.308,5.384,5.452,5.514,5.571,5.623,5.672,5.718,5.761,5.801,5.838
117,0.1,2.345,2.932,3.277,3.521,3.709,3.861,3.988,4.098,4.193,4.278,4.355,4.424,4.487,4.545,4.599,4.649,4.696,4.74,4.782
117,0.05,2.801,3.358,3.687,3.919,4.099,4.244,4.365,4.47,4.562,4.644,4.718,4.784,4.845,4.901,4.953,5.002,5.047,5.09,5.13
117,0.01,3.703,4.207,4.503,4.715,4.88,5.014,5.125,5.221,5.307,5.382,5.451,5.512,5.569,5.622,5.67,5.717,5.759,5.799,5.836
118,0.1,2.344,2.932,3.277,3.521,3.709,3.861,3.988,4.097,4.193,4.278,4.354,4.423,4.487,4.545,4.599,4.649,4.696,4.74,4.781
118,0.05,2.8,3.358,3.686,3.919,4.098,4.243,4.365,4.47,4.562,4.643,4.717,4.783,4.844,4.9,4.952,5.001,5.046,5.089,5.129
118,0.01,3.703,4.206,4.502,4.714,4.879,5.012,5.124,5.22,5.306,5.381,5.449,5.511,5.568,5.62,5.669,5.715,5.758,5.798,5.834
119,0.1,2.344,2.931,3.277,3.521,3.708,3.86,3.987,4.097,4.192,4.277,4.354,4.423,4.486,4.544,4.598,4.648,4.695,4.739,4.78
119,0.05,2.8,3.357,3.686,3.918,4.098,4.243,4.364,4.469,4.561,4.642,4.716,4.782,4.843,4.899,4.951,5.0,5.045,5.088,5.128
119,0.01,3.702,4.206,4.502,4.713,4.878,5.011,5.123,5.219,5.304,5.38,5.448,5.51,5.566,5.619,5.668,5.714,5.756,5.796,5.833
120,0.1,2.344,2.931,3.276,3.52,3.708,3.86,3.987,4.096,4.192,4.277,4.353,4.422,4.485,4.543,4.597,4.647,4.694,4.738,4.78
120,0.05,2.8,3.357,3.685,3.918,4.097,4.242,4.364,4.468,4.56,4.642,4.715,4.782,4.842,4.899,4.95,4.999,5.044,5.087,5.127
120,0.025,3.210,3.739,4.053,4.276,4.447,4.587,4.704,4.805,4.894,4.972,5.043,5.107,5.166,5.221,5.271,5.318,5.362,5.403,5.442
120,0.01,3.702,4.205,4.501,4.712,4.877,5.01,5.122,5.218,5.303,5.378,5.447,5.508,5.565,5.617,5.666,5.712,5.755,5.794,5.831
120,0.005,4.045,4.523,4.809,5.013,5.172,5.301,5.410,5.504,5.586,5.660,5.726,5.786,5.842,5.893,5.940,5.984,6.025,6.064,6.101
120,0.001,4.771,5.211,5.476,5.667,5.815,5.937,6.039,6.128,6.206,6.276,6.339,6.396,6.496,6.448,6.542,6.583,6.623,6.660,6.695